-2.31,10,-1
-2.30,10,-0.9892473118
-2.30,10,-0.9784946237
-2.28,10,-0.9677419355
-2.22,10,-0.9569892473
-2.18,10,-0.9462365591
-2.16,10,-0.935483871
-2.13,10,-0.9247311828
-2.11,10,-0.9139784946
-2.05,10,-0.9032258065
-2.04,10,-0.8924731183
-1.99,10,-0.8817204301
-1.95,10,-0.8709677419
-1.93,10,-0.8602150538
-1.89,10,-0.8494623656
-1.84,10,-0.8387096774
-1.81,10,-0.8279569892
-1.79,10,-0.8172043011
-1.76,10,-0.8064516129
-1.71,10,-0.7956989247
-1.68,10,-0.7849462366
-1.65,10,-0.7741935484
-1.62,10,-0.7634408602
-1.59,10,-0.752688172
-1.56,10,-0.7419354839
-1.54,10,-0.7311827957
-1.50,10,-0.7204301075
-1.47,10,-0.7096774194
-1.44,10,-0.6989247312
-1.41,10,-0.688172043
-1.36,10,-0.6774193548
-1.33,10,-0.6666666667
-1.32,10,-0.6559139785
-1.29,10,-0.6451612903
-1.26,10,-0.6344086022
-1.22,10,-0.623655914
-1.19,10,-0.6129032258
-1.17,10,-0.6021505376
-1.14,10,-0.5913978495
-1.10,10,-0.5806451613
-1.08,10,-0.5698924731
-1.06,10,-0.5591397849
-1.02,10,-0.5483870968
-0.99,10,-0.5376344086
-0.97,10,-0.5268817204
-0.93,10,-0.5161290323
-0.91,10,-0.5053763441
-0.88,10,-0.4946236559
-0.85,10,-0.4838709677
-0.83,10,-0.4731182796
-0.80,10,-0.4623655914
-0.78,10,-0.4516129032
-0.75,10,-0.4408602151
-0.72,10,-0.4301075269
-0.70,10,-0.4193548387
-0.67,10,-0.4086021505
-0.65,10,-0.3978494624
-0.63,10,-0.3870967742
-0.61,10,-0.376344086
-0.58,10,-0.3655913978
-0.55,10,-0.3548387097
-0.53,10,-0.3440860215
-0.51,10,-0.3333333333
-0.49,10,-0.3225806452
-0.47,10,-0.311827957
-0.44,10,-0.3010752688
-0.42,10,-0.2903225806
-0.40,10,-0.2795698925
-0.38,10,-0.2688172043
-0.35,10,-0.2580645161
-0.34,10,-0.247311828
-0.31,10,-0.2365591398
-0.29,10,-0.2258064516
-0.28,10,-0.2150537634
-0.25,10,-0.2043010753
-0.24,10,-0.1935483871
-0.21,10,-0.1827956989
-0.20,10,-0.1720430108
-0.18,10,-0.1612903226
-0.16,10,-0.1505376344
-0.15,10,-0.1397849462
-0.14,10,-0.1290322581
-0.12,10,-0.1182795699
-0.10,10,-0.1075268817
-0.09,10,-0.09677419355
-0.07,10,-0.08602150538
-0.06,10,-0.0752688172
-0.05,10,-0.06451612903
-0.05,10,-0.05376344086
-0.03,10,-0.04301075269
0.00,10,-0.03225806452
0.00,10,-0.02150537634
0.00,10,-0.01075268817
0.00,10,0
0.00,10,0.01075268817
0.00,10,0.02150537634
0.00,10,0.03225806452
0.04,10,0.04301075269
0.05,10,0.05376344086
0.07,10,0.06451612903
0.08,10,0.0752688172
0.09,10,0.08602150538
0.11,10,0.09677419355
0.13,10,0.1075268817
0.15,10,0.1182795699
0.16,10,0.1290322581
0.18,10,0.1397849462
0.20,10,0.1505376344
0.22,10,0.1612903226
0.24,10,0.1720430108
0.26,10,0.1827956989
0.29,10,0.1935483871
0.31,10,0.2043010753
0.34,10,0.2150537634
0.36,10,0.2258064516
0.39,10,0.2365591398
0.41,10,0.247311828
0.44,10,0.2580645161
0.47,10,0.2688172043
0.49,10,0.2795698925
0.52,10,0.2903225806
0.55,10,0.3010752688
0.58,10,0.311827957
0.61,10,0.3225806452
0.64,10,0.3333333333
0.68,10,0.3440860215
0.70,10,0.3548387097
0.73,10,0.3655913978
0.76,10,0.376344086
0.80,10,0.3870967742
0.83,10,0.3978494624
0.85,10,0.4086021505
0.89,10,0.4193548387
0.92,10,0.4301075269
0.95,10,0.4408602151
0.98,10,0.4516129032
0.97,10,0.4623655914
1.05,10,0.4731182796
1.08,10,0.4838709677
1.11,10,0.4946236559
1.17,10,0.5053763441
1.18,10,0.5161290323
1.21,10,0.5268817204
1.24,10,0.5376344086
1.27,10,0.5483870968
1.31,10,0.5591397849
1.36,10,0.5698924731
1.41,10,0.5806451613
1.43,10,0.5913978495
1.48,10,0.6021505376
1.52,10,0.6129032258
1.55,10,0.623655914
1.58,10,0.6344086022
1.62,10,0.6451612903
1.66,10,0.6559139785
1.69,10,0.6666666667
1.73,10,0.6774193548
1.77,10,0.688172043
1.80,10,0.6989247312
1.85,10,0.7096774194
1.88,10,0.7204301075
1.91,10,0.7311827957
1.99,10,0.7419354839
2.00,10,0.752688172
2.06,10,0.7634408602
2.09,10,0.7741935484
2.12,10,0.7849462366
2.17,10,0.7956989247
2.21,10,0.8064516129
2.27,10,0.8172043011
2.30,10,0.8279569892
2.36,10,0.8387096774
2.41,10,0.8494623656
2.45,10,0.8602150538
2.48,10,0.8709677419
2.55,10,0.8817204301
2.58,10,0.8924731183
2.62,10,0.9032258065
2.65,10,0.9139784946
2.69,10,0.9247311828
2.74,10,0.935483871
2.77,10,0.9462365591
2.82,10,0.9569892473
2.88,10,0.9677419355
2.89,10,0.9784946237
2.92,10,0.9892473118
2.93,10,1
-2.90,12,-1
-2.92,12,-0.9892473118
-2.89,12,-0.9784946237
-2.83,12,-0.9677419355
-2.79,12,-0.9569892473
-2.76,12,-0.9462365591
-2.72,12,-0.935483871
-2.67,12,-0.9247311828
-2.60,12,-0.9139784946
-2.59,12,-0.9032258065
-2.56,12,-0.8924731183
-2.49,12,-0.8817204301
-2.44,12,-0.8709677419
-2.43,12,-0.8602150538
-2.39,12,-0.8494623656
-2.34,12,-0.8387096774
-2.30,12,-0.8279569892
-2.25,12,-0.8172043011
-2.23,12,-0.8064516129
-2.18,12,-0.7956989247
-2.14,12,-0.7849462366
-2.10,12,-0.7741935484
-2.07,12,-0.7634408602
-2.01,12,-0.752688172
-1.98,12,-0.7419354839
-1.95,12,-0.7311827957
-1.88,12,-0.7204301075
-1.85,12,-0.7096774194
-1.81,12,-0.6989247312
-1.78,12,-0.688172043
-1.73,12,-0.6774193548
-1.66,12,-0.6666666667
-1.65,12,-0.6559139785
-1.61,12,-0.6451612903
-1.56,12,-0.6344086022
-1.53,12,-0.623655914
-1.49,12,-0.6129032258
-1.47,12,-0.6021505376
-1.44,12,-0.5913978495
-1.40,12,-0.5806451613
-1.37,12,-0.5698924731
-1.33,12,-0.5591397849
-1.29,12,-0.5483870968
-1.28,12,-0.5376344086
-1.22,12,-0.5268817204
-1.19,12,-0.5161290323
-1.15,12,-0.5053763441
-1.12,12,-0.4946236559
-1.08,12,-0.4838709677
-1.04,12,-0.4731182796
-1.02,12,-0.4623655914
-0.99,12,-0.4516129032
-0.96,12,-0.4408602151
-0.93,12,-0.4301075269
-0.90,12,-0.4193548387
-0.87,12,-0.4086021505
-0.83,12,-0.3978494624
-0.79,12,-0.3870967742
-0.77,12,-0.376344086
-0.74,12,-0.3655913978
-0.72,12,-0.3548387097
-0.69,12,-0.3440860215
-0.66,12,-0.3333333333
-0.64,12,-0.3225806452
-0.60,12,-0.311827957
-0.57,12,-0.3010752688
-0.54,12,-0.2903225806
-0.52,12,-0.2795698925
-0.49,12,-0.2688172043
-0.47,12,-0.2580645161
-0.44,12,-0.247311828
-0.42,12,-0.2365591398
-0.39,12,-0.2258064516
-0.37,12,-0.2150537634
-0.34,12,-0.2043010753
-0.32,12,-0.1935483871
-0.29,12,-0.1827956989
-0.27,12,-0.1720430108
-0.24,12,-0.1612903226
-0.23,12,-0.1505376344
-0.20,12,-0.1397849462
-0.18,12,-0.1290322581
-0.16,12,-0.1182795699
-0.15,12,-0.1075268817
-0.12,12,-0.09677419355
-0.11,12,-0.08602150538
-0.09,12,-0.0752688172
-0.07,12,-0.06451612903
-0.06,12,-0.05376344086
-0.05,12,-0.04301075269
-0.04,12,-0.03225806452
0.00,12,-0.02150537634
0.00,12,-0.01075268817
0.00,12,0
0.00,12,0.01075268817
0.00,12,0.02150537634
0.04,12,0.03225806452
0.05,12,0.04301075269
0.07,12,0.05376344086
0.10,12,0.06451612903
0.11,12,0.0752688172
0.13,12,0.08602150538
0.15,12,0.09677419355
0.18,12,0.1075268817
0.20,12,0.1182795699
0.22,12,0.1290322581
0.25,12,0.1397849462
0.28,12,0.1505376344
0.31,12,0.1612903226
0.33,12,0.1720430108
0.37,12,0.1827956989
0.39,12,0.1935483871
0.43,12,0.2043010753
0.46,12,0.2150537634
0.49,12,0.2258064516
0.52,12,0.2365591398
0.55,12,0.247311828
0.59,12,0.2580645161
0.63,12,0.2688172043
0.65,12,0.2795698925
0.68,12,0.2903225806
0.71,12,0.3010752688
0.76,12,0.311827957
0.79,12,0.3225806452
0.83,12,0.3333333333
0.86,12,0.3440860215
0.89,12,0.3548387097
0.93,12,0.3655913978
0.97,12,0.376344086
1.00,12,0.3870967742
1.04,12,0.3978494624
1.08,12,0.4086021505
1.14,12,0.4193548387
1.16,12,0.4301075269
1.20,12,0.4408602151
1.23,12,0.4516129032
1.28,12,0.4623655914
1.31,12,0.4731182796
1.35,12,0.4838709677
1.40,12,0.4946236559
1.43,12,0.5053763441
1.48,12,0.5161290323
1.53,12,0.5268817204
1.56,12,0.5376344086
1.63,12,0.5483870968
1.67,12,0.5591397849
1.71,12,0.5698924731
1.77,12,0.5806451613
1.82,12,0.5913978495
1.85,12,0.6021505376
1.91,12,0.6129032258
1.92,12,0.623655914
1.96,12,0.6344086022
2.03,12,0.6451612903
2.09,12,0.6559139785
2.13,12,0.6666666667
2.18,12,0.6774193548
2.24,12,0.688172043
2.27,12,0.6989247312
2.33,12,0.7096774194
2.40,12,0.7204301075
2.46,12,0.7311827957
2.51,12,0.7419354839
2.56,12,0.752688172
2.62,12,0.7634408602
2.65,12,0.7741935484
2.71,12,0.7849462366
2.78,12,0.7956989247
2.84,12,0.8064516129
2.87,12,0.8172043011
2.93,12,0.8279569892
3.01,12,0.8387096774
3.04,12,0.8494623656
3.08,12,0.8602150538
3.16,12,0.8709677419
3.23,12,0.8817204301
3.26,12,0.8924731183
3.32,12,0.9032258065
3.38,12,0.9139784946
3.40,12,0.9247311828
3.45,12,0.935483871
3.50,12,0.9462365591
3.57,12,0.9569892473
3.64,12,0.9677419355
3.71,12,0.9784946237
3.69,12,0.9892473118
3.71,12,1
-3.52,14,-1
-3.50,14,-0.9892473118
-3.49,14,-0.9784946237
-3.45,14,-0.9677419355
-3.40,14,-0.9569892473
-3.36,14,-0.9462365591
-3.29,14,-0.935483871
-3.25,14,-0.9247311828
-3.19,14,-0.9139784946
-3.14,14,-0.9032258065
-3.10,14,-0.8924731183
-3.06,14,-0.8817204301
-3.00,14,-0.8709677419
-2.94,14,-0.8602150538
-2.88,14,-0.8494623656
-2.85,14,-0.8387096774
-2.78,14,-0.8279569892
-2.76,14,-0.8172043011
-2.69,14,-0.8064516129
-2.64,14,-0.7956989247
-2.59,14,-0.7849462366
-2.53,14,-0.7741935484
-2.49,14,-0.7634408602
-2.45,14,-0.752688172
-2.41,14,-0.7419354839
-2.35,14,-0.7311827957
-2.34,14,-0.7204301075
-2.26,14,-0.7096774194
-2.20,14,-0.6989247312
-2.18,14,-0.688172043
-2.12,14,-0.6774193548
-2.05,14,-0.6666666667
-2.03,14,-0.6559139785
-1.99,14,-0.6451612903
-1.91,14,-0.6344086022
-1.89,14,-0.623655914
-1.82,14,-0.6129032258
-1.76,14,-0.6021505376
-1.72,14,-0.5913978495
-1.68,14,-0.5806451613
-1.63,14,-0.5698924731
-1.58,14,-0.5591397849
-1.56,14,-0.5483870968
-1.52,14,-0.5376344086
-1.48,14,-0.5268817204
-1.44,14,-0.5161290323
-1.40,14,-0.5053763441
-1.37,14,-0.4946236559
-1.32,14,-0.4838709677
-1.28,14,-0.4731182796
-1.24,14,-0.4623655914
-1.19,14,-0.4516129032
-1.17,14,-0.4408602151
-1.12,14,-0.4301075269
-1.09,14,-0.4193548387
-1.05,14,-0.4086021505
-1.02,14,-0.3978494624
-0.98,14,-0.3870967742
-0.95,14,-0.376344086
-0.92,14,-0.3655913978
-0.88,14,-0.3548387097
-0.85,14,-0.3440860215
-0.81,14,-0.3333333333
-0.77,14,-0.3225806452
-0.74,14,-0.311827957
-0.70,14,-0.3010752688
-0.68,14,-0.2903225806
-0.65,14,-0.2795698925
-0.62,14,-0.2688172043
-0.59,14,-0.2580645161
-0.55,14,-0.247311828
-0.52,14,-0.2365591398
-0.49,14,-0.2258064516
-0.46,14,-0.2150537634
-0.43,14,-0.2043010753
-0.40,14,-0.1935483871
-0.37,14,-0.1827956989
-0.35,14,-0.1720430108
-0.32,14,-0.1612903226
-0.29,14,-0.1505376344
-0.26,14,-0.1397849462
-0.24,14,-0.1290322581
-0.21,14,-0.1182795699
-0.19,14,-0.1075268817
-0.16,14,-0.09677419355
-0.15,14,-0.08602150538
-0.12,14,-0.0752688172
-0.10,14,-0.06451612903
-0.08,14,-0.05376344086
-0.07,14,-0.04301075269
-0.05,14,-0.03225806452
-0.03,14,-0.02150537634
0.00,14,-0.01075268817
0.00,14,0
0.00,14,0.01075268817
0.05,14,0.02150537634
0.06,14,0.03225806452
0.08,14,0.04301075269
0.10,14,0.05376344086
0.12,14,0.06451612903
0.15,14,0.0752688172
0.18,14,0.08602150538
0.20,14,0.09677419355
0.23,14,0.1075268817
0.26,14,0.1182795699
0.29,14,0.1290322581
0.33,14,0.1397849462
0.36,14,0.1505376344
0.39,14,0.1612903226
0.43,14,0.1720430108
0.46,14,0.1827956989
0.50,14,0.1935483871
0.53,14,0.2043010753
0.58,14,0.2150537634
0.62,14,0.2258064516
0.64,14,0.2365591398
0.69,14,0.247311828
0.73,14,0.2580645161
0.77,14,0.2688172043
0.83,14,0.2795698925
0.85,14,0.2903225806
0.89,14,0.3010752688
0.92,14,0.311827957
0.97,14,0.3225806452
1.00,14,0.3333333333
1.05,14,0.3440860215
1.09,14,0.3548387097
1.14,14,0.3655913978
1.20,14,0.376344086
1.23,14,0.3870967742
1.28,14,0.3978494624
1.32,14,0.4086021505
1.37,14,0.4193548387
1.41,14,0.4301075269
1.46,14,0.4408602151
1.51,14,0.4516129032
1.55,14,0.4623655914
1.61,14,0.4731182796
1.65,14,0.4838709677
1.71,14,0.4946236559
1.76,14,0.5053763441
1.81,14,0.5161290323
1.85,14,0.5268817204
1.91,14,0.5376344086
1.96,14,0.5483870968
2.00,14,0.5591397849
2.09,14,0.5698924731
2.12,14,0.5806451613
2.16,14,0.5913978495
2.25,14,0.6021505376
2.27,14,0.6129032258
2.34,14,0.623655914
2.43,14,0.6344086022
2.50,14,0.6451612903
2.56,14,0.6559139785
2.64,14,0.6666666667
2.66,14,0.6774193548
2.76,14,0.688172043
2.78,14,0.6989247312
2.88,14,0.7096774194
2.93,14,0.7204301075
2.99,14,0.7311827957
3.05,14,0.7419354839
3.13,14,0.752688172
3.19,14,0.7634408602
3.23,14,0.7741935484
3.32,14,0.7849462366
3.36,14,0.7956989247
3.42,14,0.8064516129
3.49,14,0.8172043011
3.57,14,0.8279569892
3.62,14,0.8387096774
3.69,14,0.8494623656
3.77,14,0.8602150538
3.84,14,0.8709677419
3.92,14,0.8817204301
3.98,14,0.8924731183
4.03,14,0.9032258065
4.11,14,0.9139784946
4.15,14,0.9247311828
4.21,14,0.935483871
4.30,14,0.9462365591
4.38,14,0.9569892473
4.42,14,0.9677419355
4.51,14,0.9784946237
4.53,14,0.9892473118
4.52,14,1
-4.07,16,-1
-4.05,16,-0.9892473118
-4.02,16,-0.9784946237
-3.96,16,-0.9677419355
-3.90,16,-0.9569892473
-3.87,16,-0.9462365591
-3.82,16,-0.935483871
-3.80,16,-0.9247311828
-3.75,16,-0.9139784946
-3.71,16,-0.9032258065
-3.66,16,-0.8924731183
-3.59,16,-0.8817204301
-3.52,16,-0.8709677419
-3.45,16,-0.8602150538
-3.40,16,-0.8494623656
-3.31,16,-0.8387096774
-3.25,16,-0.8279569892
-3.20,16,-0.8172043011
-3.11,16,-0.8064516129
-3.04,16,-0.7956989247
-2.99,16,-0.7849462366
-2.94,16,-0.7741935484
-2.86,16,-0.7634408602
-2.82,16,-0.752688172
-2.77,16,-0.7419354839
-2.71,16,-0.7311827957
-2.66,16,-0.7204301075
-2.58,16,-0.7096774194
-2.55,16,-0.6989247312
-2.51,16,-0.688172043
-2.45,16,-0.6774193548
-2.38,16,-0.6666666667
-2.35,16,-0.6559139785
-2.28,16,-0.6451612903
-2.24,16,-0.6344086022
-2.20,16,-0.623655914
-2.12,16,-0.6129032258
-2.08,16,-0.6021505376
-2.02,16,-0.5913978495
-1.98,16,-0.5806451613
-1.94,16,-0.5698924731
-1.86,16,-0.5591397849
-1.81,16,-0.5483870968
-1.76,16,-0.5376344086
-1.70,16,-0.5268817204
-1.67,16,-0.5161290323
-1.61,16,-0.5053763441
-1.56,16,-0.4946236559
-1.51,16,-0.4838709677
-1.49,16,-0.4731182796
-1.44,16,-0.4623655914
-1.40,16,-0.4516129032
-1.35,16,-0.4408602151
-1.30,16,-0.4301075269
-1.26,16,-0.4193548387
-1.20,16,-0.4086021505
-1.16,16,-0.3978494624
-1.12,16,-0.3870967742
-1.10,16,-0.376344086
-1.05,16,-0.3655913978
-1.02,16,-0.3548387097
-0.98,16,-0.3440860215
-0.94,16,-0.3333333333
-0.90,16,-0.3225806452
-0.87,16,-0.311827957
-0.82,16,-0.3010752688
-0.78,16,-0.2903225806
-0.74,16,-0.2795698925
-0.72,16,-0.2688172043
-0.68,16,-0.2580645161
-0.65,16,-0.247311828
-0.62,16,-0.2365591398
-0.58,16,-0.2258064516
-0.54,16,-0.2150537634
-0.51,16,-0.2043010753
-0.48,16,-0.1935483871
-0.44,16,-0.1827956989
-0.42,16,-0.1720430108
-0.39,16,-0.1612903226
-0.35,16,-0.1505376344
-0.32,16,-0.1397849462
-0.29,16,-0.1290322581
-0.26,16,-0.1182795699
-0.24,16,-0.1075268817
-0.21,16,-0.09677419355
-0.18,16,-0.08602150538
-0.15,16,-0.0752688172
-0.13,16,-0.06451612903
-0.10,16,-0.05376344086
-0.09,16,-0.04301075269
-0.07,16,-0.03225806452
-0.05,16,-0.02150537634
-0.04,16,-0.01075268817
0.00,16,0
0.04,16,0.01075268817
0.05,16,0.02150537634
0.08,16,0.03225806452
0.10,16,0.04301075269
0.13,16,0.05376344086
0.15,16,0.06451612903
0.18,16,0.0752688172
0.22,16,0.08602150538
0.25,16,0.09677419355
0.29,16,0.1075268817
0.32,16,0.1182795699
0.36,16,0.1290322581
0.40,16,0.1397849462
0.44,16,0.1505376344
0.47,16,0.1612903226
0.51,16,0.1720430108
0.56,16,0.1827956989
0.60,16,0.1935483871
0.64,16,0.2043010753
0.68,16,0.2150537634
0.72,16,0.2258064516
0.78,16,0.2365591398
0.82,16,0.247311828
0.87,16,0.2580645161
0.91,16,0.2688172043
0.95,16,0.2795698925
0.99,16,0.2903225806
1.03,16,0.3010752688
1.10,16,0.311827957
1.14,16,0.3225806452
1.18,16,0.3333333333
1.24,16,0.3440860215
1.28,16,0.3548387097
1.33,16,0.3655913978
1.39,16,0.376344086
1.44,16,0.3870967742
1.48,16,0.3978494624
1.54,16,0.4086021505
1.59,16,0.4193548387
1.65,16,0.4301075269
1.69,16,0.4408602151
1.76,16,0.4516129032
1.82,16,0.4623655914
1.88,16,0.4731182796
1.93,16,0.4838709677
1.99,16,0.4946236559
2.05,16,0.5053763441
2.12,16,0.5161290323
2.18,16,0.5268817204
2.22,16,0.5376344086
2.28,16,0.5483870968
2.38,16,0.5591397849
2.43,16,0.5698924731
2.52,16,0.5806451613
2.58,16,0.5913978495
2.65,16,0.6021505376
2.73,16,0.6129032258
2.76,16,0.623655914
2.84,16,0.6344086022
2.89,16,0.6451612903
2.98,16,0.6559139785
3.05,16,0.6666666667
3.11,16,0.6774193548
3.17,16,0.688172043
3.22,16,0.6989247312
3.30,16,0.7096774194
3.37,16,0.7204301075
3.42,16,0.7311827957
3.51,16,0.7419354839
3.61,16,0.752688172
3.68,16,0.7634408602
3.74,16,0.7741935484
3.82,16,0.7849462366
3.89,16,0.7956989247
3.96,16,0.8064516129
4.06,16,0.8172043011
4.15,16,0.8279569892
4.25,16,0.8387096774
4.30,16,0.8494623656
4.38,16,0.8602150538
4.51,16,0.8709677419
4.53,16,0.8817204301
4.65,16,0.8924731183
4.71,16,0.9032258065
4.79,16,0.9139784946
4.84,16,0.9247311828
4.93,16,0.935483871
5.01,16,0.9462365591
5.08,16,0.9569892473
5.14,16,0.9677419355
5.18,16,0.9784946237
5.22,16,0.9892473118
5.25,16,1
-4.59,18,-1
-4.54,18,-0.9892473118
-4.53,18,-0.9784946237
-4.48,18,-0.9677419355
-4.42,18,-0.9569892473
-4.35,18,-0.9462365591
-4.35,18,-0.935483871
-4.17,18,-0.9247311828
-4.18,18,-0.9139784946
-4.11,18,-0.9032258065
-4.04,18,-0.8924731183
-3.99,18,-0.8817204301
-3.91,18,-0.8709677419
-3.86,18,-0.8602150538
-3.81,18,-0.8494623656
-3.71,18,-0.8387096774
-3.68,18,-0.8279569892
-3.56,18,-0.8172043011
-3.54,18,-0.8064516129
-3.42,18,-0.7956989247
-3.36,18,-0.7849462366
-3.27,18,-0.7741935484
-3.19,18,-0.7634408602
-3.09,18,-0.752688172
-3.03,18,-0.7419354839
-2.96,18,-0.7311827957
-2.88,18,-0.7204301075
-2.84,18,-0.7096774194
-2.78,18,-0.6989247312
-2.70,18,-0.688172043
-2.66,18,-0.6774193548
-2.59,18,-0.6666666667
-2.53,18,-0.6559139785
-2.48,18,-0.6451612903
-2.42,18,-0.6344086022
-2.36,18,-0.623655914
-2.32,18,-0.6129032258
-2.25,18,-0.6021505376
-2.21,18,-0.5913978495
-2.16,18,-0.5806451613
-2.11,18,-0.5698924731
-2.04,18,-0.5591397849
-2.00,18,-0.5483870968
-1.94,18,-0.5376344086
-1.88,18,-0.5268817204
-1.81,18,-0.5161290323
-1.76,18,-0.5053763441
-1.72,18,-0.4946236559
-1.66,18,-0.4838709677
-1.61,18,-0.4731182796
-1.56,18,-0.4623655914
-1.52,18,-0.4516129032
-1.47,18,-0.4408602151
-1.42,18,-0.4301075269
-1.38,18,-0.4193548387
-1.33,18,-0.4086021505
-1.27,18,-0.3978494624
-1.22,18,-0.3870967742
-1.17,18,-0.376344086
-1.13,18,-0.3655913978
-1.08,18,-0.3548387097
-1.05,18,-0.3440860215
-1.01,18,-0.3333333333
-0.97,18,-0.3225806452
-0.93,18,-0.311827957
-0.89,18,-0.3010752688
-0.86,18,-0.2903225806
-0.81,18,-0.2795698925
-0.77,18,-0.2688172043
-0.74,18,-0.2580645161
-0.70,18,-0.247311828
-0.67,18,-0.2365591398
-0.64,18,-0.2258064516
-0.60,18,-0.2150537634
-0.56,18,-0.2043010753
-0.53,18,-0.1935483871
-0.49,18,-0.1827956989
-0.46,18,-0.1720430108
-0.43,18,-0.1612903226
-0.40,18,-0.1505376344
-0.37,18,-0.1397849462
-0.34,18,-0.1290322581
-0.30,18,-0.1182795699
-0.27,18,-0.1075268817
-0.24,18,-0.09677419355
-0.21,18,-0.08602150538
-0.18,18,-0.0752688172
-0.15,18,-0.06451612903
-0.13,18,-0.05376344086
-0.10,18,-0.04301075269
-0.08,18,-0.03225806452
-0.06,18,-0.02150537634
-0.05,18,-0.01075268817
0.00,18,0
0.05,18,0.01075268817
0.07,18,0.02150537634
0.09,18,0.03225806452
0.12,18,0.04301075269
0.15,18,0.05376344086
0.18,18,0.06451612903
0.21,18,0.0752688172
0.25,18,0.08602150538
0.29,18,0.09677419355
0.32,18,0.1075268817
0.36,18,0.1182795699
0.39,18,0.1290322581
0.43,18,0.1397849462
0.47,18,0.1505376344
0.51,18,0.1612903226
0.55,18,0.1720430108
0.59,18,0.1827956989
0.63,18,0.1935483871
0.67,18,0.2043010753
0.70,18,0.2150537634
0.76,18,0.2258064516
0.80,18,0.2365591398
0.84,18,0.247311828
0.88,18,0.2580645161
0.92,18,0.2688172043
0.97,18,0.2795698925
1.02,18,0.2903225806
1.08,18,0.3010752688
1.13,18,0.311827957
1.18,18,0.3225806452
1.22,18,0.3333333333
1.28,18,0.3440860215
1.32,18,0.3548387097
1.38,18,0.3655913978
1.42,18,0.376344086
1.49,18,0.3870967742
1.54,18,0.3978494624
1.60,18,0.4086021505
1.68,18,0.4193548387
1.74,18,0.4301075269
1.79,18,0.4408602151
1.84,18,0.4516129032
1.92,18,0.4623655914
1.97,18,0.4731182796
2.04,18,0.4838709677
2.08,18,0.4946236559
2.17,18,0.5053763441
2.22,18,0.5161290323
2.28,18,0.5268817204
2.36,18,0.5376344086
2.43,18,0.5483870968
2.50,18,0.5591397849
2.59,18,0.5698924731
2.64,18,0.5806451613
2.74,18,0.5913978495
2.79,18,0.6021505376
2.87,18,0.6129032258
2.93,18,0.623655914
3.01,18,0.6344086022
3.10,18,0.6451612903
3.15,18,0.6559139785
3.21,18,0.6666666667
3.27,18,0.6774193548
3.39,18,0.688172043
3.46,18,0.6989247312
3.54,18,0.7096774194
3.63,18,0.7204301075
3.72,18,0.7311827957
3.79,18,0.7419354839
3.92,18,0.752688172
4.02,18,0.7634408602
4.14,18,0.7741935484
4.21,18,0.7849462366
4.32,18,0.7956989247
4.41,18,0.8064516129
4.54,18,0.8172043011
4.67,18,0.8279569892
4.69,18,0.8387096774
4.86,18,0.8494623656
4.92,18,0.8602150538
5.02,18,0.8709677419
5.12,18,0.8817204301
5.21,18,0.8924731183
5.29,18,0.9032258065
5.38,18,0.9139784946
5.50,18,0.9247311828
5.60,18,0.935483871
5.67,18,0.9462365591
5.77,18,0.9569892473
5.82,18,0.9677419355
5.90,18,0.9784946237
5.98,18,0.9892473118
6.02,18,1
-5.04,20,-1
-4.96,20,-0.9892473118
-4.92,20,-0.9784946237
-4.84,20,-0.9677419355
-4.79,20,-0.9569892473
-4.74,20,-0.9462365591
-4.68,20,-0.935483871
-4.58,20,-0.9247311828
-4.46,20,-0.9139784946
-4.40,20,-0.9032258065
-4.35,20,-0.8924731183
-4.23,20,-0.8817204301
-4.16,20,-0.8709677419
-4.12,20,-0.8602150538
-4.02,20,-0.8494623656
-3.96,20,-0.8387096774
-3.89,20,-0.8279569892
-3.81,20,-0.8172043011
-3.71,20,-0.8064516129
-3.66,20,-0.7956989247
-3.56,20,-0.7849462366
-3.48,20,-0.7741935484
-3.36,20,-0.7634408602
-3.29,20,-0.752688172
-3.16,20,-0.7419354839
-3.13,20,-0.7311827957
-3.00,20,-0.7204301075
-2.94,20,-0.7096774194
-2.87,20,-0.6989247312
-2.78,20,-0.688172043
-2.74,20,-0.6774193548
-2.67,20,-0.6666666667
-2.60,20,-0.6559139785
-2.54,20,-0.6451612903
-2.50,20,-0.6344086022
-2.44,20,-0.623655914
-2.40,20,-0.6129032258
-2.31,20,-0.6021505376
-2.26,20,-0.5913978495
-2.20,20,-0.5806451613
-2.14,20,-0.5698924731
-2.11,20,-0.5591397849
-2.04,20,-0.5483870968
-1.97,20,-0.5376344086
-1.91,20,-0.5268817204
-1.86,20,-0.5161290323
-1.80,20,-0.5053763441
-1.73,20,-0.4946236559
-1.67,20,-0.4838709677
-1.64,20,-0.4731182796
-1.58,20,-0.4623655914
-1.52,20,-0.4516129032
-1.47,20,-0.4408602151
-1.41,20,-0.4301075269
-1.37,20,-0.4193548387
-1.32,20,-0.4086021505
-1.27,20,-0.3978494624
-1.22,20,-0.3870967742
-1.17,20,-0.376344086
-1.11,20,-0.3655913978
-1.07,20,-0.3548387097
-1.02,20,-0.3440860215
-0.99,20,-0.3333333333
-0.94,20,-0.3225806452
-0.91,20,-0.311827957
-0.88,20,-0.3010752688
-0.83,20,-0.2903225806
-0.78,20,-0.2795698925
-0.75,20,-0.2688172043
-0.72,20,-0.2580645161
-0.69,20,-0.247311828
-0.66,20,-0.2365591398
-0.63,20,-0.2258064516
-0.59,20,-0.2150537634
-0.56,20,-0.2043010753
-0.53,20,-0.1935483871
-0.50,20,-0.1827956989
-0.47,20,-0.1720430108
-0.44,20,-0.1612903226
-0.41,20,-0.1505376344
-0.39,20,-0.1397849462
-0.36,20,-0.1290322581
-0.32,20,-0.1182795699
-0.29,20,-0.1075268817
-0.26,20,-0.09677419355
-0.24,20,-0.08602150538
-0.20,20,-0.0752688172
-0.17,20,-0.06451612903
-0.15,20,-0.05376344086
-0.12,20,-0.04301075269
-0.09,20,-0.03225806452
-0.07,20,-0.02150537634
-0.05,20,-0.01075268817
-0.04,20,0
0.06,20,0.01075268817
0.09,20,0.02150537634
0.11,20,0.03225806452
0.15,20,0.04301075269
0.18,20,0.05376344086
0.21,20,0.06451612903
0.25,20,0.0752688172
0.29,20,0.08602150538
0.32,20,0.09677419355
0.36,20,0.1075268817
0.39,20,0.1182795699
0.43,20,0.1290322581
0.47,20,0.1397849462
0.50,20,0.1505376344
0.54,20,0.1612903226
0.57,20,0.1720430108
0.61,20,0.1827956989
0.64,20,0.1935483871
0.66,20,0.2043010753
0.70,20,0.2150537634
0.74,20,0.2258064516
0.78,20,0.2365591398
0.82,20,0.247311828
0.86,20,0.2580645161
0.89,20,0.2688172043
0.93,20,0.2795698925
0.98,20,0.2903225806
1.02,20,0.3010752688
1.06,20,0.311827957
1.12,20,0.3225806452
1.17,20,0.3333333333
1.22,20,0.3440860215
1.28,20,0.3548387097
1.31,20,0.3655913978
1.38,20,0.376344086
1.44,20,0.3870967742
1.53,20,0.3978494624
1.58,20,0.4086021505
1.64,20,0.4193548387
1.74,20,0.4301075269
1.80,20,0.4408602151
1.85,20,0.4516129032
1.92,20,0.4623655914
1.98,20,0.4731182796
2.07,20,0.4838709677
2.12,20,0.4946236559
2.20,20,0.5053763441
2.25,20,0.5161290323
2.33,20,0.5268817204
2.44,20,0.5376344086
2.52,20,0.5483870968
2.61,20,0.5591397849
2.66,20,0.5698924731
2.76,20,0.5806451613
2.83,20,0.5913978495
2.91,20,0.6021505376
2.99,20,0.6129032258
3.06,20,0.623655914
3.13,20,0.6344086022
3.22,20,0.6451612903
3.28,20,0.6559139785
3.36,20,0.6666666667
3.44,20,0.6774193548
3.55,20,0.688172043
3.64,20,0.6989247312
3.72,20,0.7096774194
3.85,20,0.7204301075
3.96,20,0.7311827957
4.10,20,0.7419354839
4.21,20,0.752688172
4.33,20,0.7634408602
4.42,20,0.7741935484
4.55,20,0.7849462366
4.70,20,0.7956989247
4.82,20,0.8064516129
4.93,20,0.8172043011
5.02,20,0.8279569892
5.14,20,0.8387096774
5.20,20,0.8494623656
5.39,20,0.8602150538
5.52,20,0.8709677419
5.62,20,0.8817204301
5.71,20,0.8924731183
5.82,20,0.9032258065
5.93,20,0.9139784946
6.06,20,0.9247311828
6.13,20,0.935483871
6.26,20,0.9462365591
6.36,20,0.9569892473
6.46,20,0.9677419355
6.55,20,0.9784946237
6.62,20,0.9892473118
6.72,20,1